{"cameraMode":{"drawMode":0,"name":"Shaded","section":"Shading Mode"},"sceneLighting":true,"audioPlay":false,"sceneViewState":{"m_AlwaysRefresh":false,"showFog":true,"showSkybox":true,"showFlares":true,"showImageEffects":true,"showParticleSystems":true,"showVisualEffectGraphs":true,"m_FxEnabled":true},"in2DMode":false,"pivot":{"x":-0.45271342992782595,"y":-0.14586693048477174,"z":0.8621586561203003},"rotation":{"x":-0.20984630286693574,"y":0.37881985306739809,"z":-0.08862191438674927,"w":-0.8969992399215698},"size":0.9461567997932434,"orthographic":false}